,Unnamed: 0,Company Ticker,Current Price,Graham Intrinsic,Modern Intrinsic,Financial Intrinsic
2,2,2222.SR,32.4,667.3398,341.0124,71.48480712000001
3,3,GOOG,94.86,179.0256,101.9703,109.57070682
8,8,TSM,95.37,336.295,186.105,115.83567
11,11,XOM,119.17,827.6892,450.3096,151.34571504000002
42,42,1398.HK,4.04,17.74006,11.51278,4.237202760000001
46,46,TM,143.42,246.012,150.39600000000002,155.041344
57,57,TMUS,143.7,313.389,163.982,222.8235328
61,61,VZ,40.01,58.73279999999999,41.90639999999999,40.86700728
63,63,MS,98.44,403.2392,222.6296,120.18966848
64,64,601939.SS,5.61,19.9448,12.9149,5.879822270000001
69,69,CMCSA,38.36,68.6642,41.2896,41.92946735999999
72,72,0941.HK,56.95,137.16632,84.59366000000001,61.226678748
77,77,601288.SS,2.93,12.86016,8.05533,3.125709168
78,78,HSBC,36.85,74.235,41.16,44.734305
82,82,3968.HK,46.35,141.25140000000002,81.74945,52.47928797
84,84,RY,103.93,209.1124,122.6512,116.0654096
87,87,601318.SS,49.3,214.104,129.35449999999997,53.7219376
93,93,601988.SS,3.23,11.78,7.594999999999999,3.3997855
94,94,1299.HK,86.2,518.32866,270.94258,134.72235605400002
110,110,SNY,47.54,193.304,112.712,53.45030800000001
127,127,SONY,90.12,207.318,121.644,100.5752592
139,139,JD,52.29,81.85860000000001,54.3768,54.42779291999999
142,142,ALV.DE,219.9,465.4464,277.6032,242.01495936000003
154,154,CB,214.69,477.03039999999993,272.3952,247.18445136
160,160,CI,296.51,709.4639999999999,417.872,329.61192320000004
161,161,BNP.PA,63.59,148.4752,89.85759999999999,69.16512144
168,168,1120.SR,77.3,222.222,123.81600000000002,92.5965348
169,169,BTI,36.85,124.548,72.944,41.20948
170,170,VOW3.DE,128.6,364.3104000000001,227.8602,137.27046348000002
174,174,PGR,138.73,741.8399999999999,401.17,179.58783699999998
176,176,601088.SS,27.7,62.7,36.575,31.138150000000003
177,177,TGT,170.02,411.9552000000001,229.7376,203.34509568
181,181,600028.SS,4.5,10.3428,6.78015,4.705138035
189,189,GSK,35.84,83.808,49.824,39.5174016
194,194,CP,79.67,426.1698,256.7824,86.90107523999998
195,195,BBCA.JK,8825.0,45705.996,25929.148,10253.7609972
197,197,0883.HK,11.3,60.0152,34.21785,13.033142729999998
208,208,D05.SI,36.03,63.558,37.66400000000001,39.92859080000001
212,212,ZURN.SW,432.5,800.4654,464.3352,488.5298611199999
215,215,UBS,21.58,37.36860000000001,23.716800000000003,22.84222104
219,219,BX,93.13,207.86,118.9725,106.8315615
224,224,CSX,31.57,109.5712,64.4931,35.15408745
237,237,0728.HK,3.82,7.700400000000001,4.617450000000001,4.178160315
244,244,ABB,33.63,95.381,54.648,38.50376639999999
248,248,HUM,498.62,1069.7,612.2624999999999,572.07063375
257,257,SBIN.NS,553.05,1174.2282,658.5866,654.49972448
258,258,CHTR,396.94,1084.7508,591.0228999999999,501.57806747
269,269,GM,41.35,172.767,98.291,47.8436855
275,275,1180.SR,48.4,118.54099999999998,69.363,54.1677687
279,279,EPD,26.37,49.419,29.412,29.001223800000005
295,295,DSY.PA,37.01,64.2884,37.8917,41.13354707
296,296,STLA,16.4,224.5992,124.9771,19.711972760000005
298,298,000333.SZ,51.62,136.1248,79.4199,57.89238651
299,299,F,12.73,35.343,20.394,14.406638400000002
303,303,601166.SS,17.19,103.9416,60.8258,19.23926172
311,311,601012.SS,45.38,183.0276,98.1963,60.52558221
316,316,ISP.MI,2.477,6.66,3.825,2.829744
325,325,ING,13.9,27.027,15.631,15.790621000000002
327,327,601328.SS,4.9,23.85972,14.79261,5.256624231
342,342,7010.SR,36.3,57.96,44.16,36.684816
354,354,7974.T,5307.0,76270.39199999999,48267.736,5629.4181504
355,355,ITUB,4.92,9.6642,5.805599999999999,5.383136400000001
360,360,8001.T,4138.0,11527.853,6574.709,4769.3440297
374,374,FTNT,59.61,164.1024,90.1912,73.71554103999999
393,393,NDA-FI.HE,11.0,27.511000000000003,15.268000000000004,13.2769582
397,397,BBVA,7.2,61.203,32.498999999999995,10.150245
414,414,DXCM,117.89,370.76,199.68,154.76292
415,415,ANET,133.27,374.0918,209.0184,158.80834512
421,421,HMC,25.13,76.78,44.440000000000005,28.46527200000001
423,423,CM,46.21,79.864,60.41949999999999,46.77803595000001
424,424,0016.HK,112.0,315.58,200.415,118.7104545
428,428,NUE,164.11,481.0036,255.3243,230.38296434999995
436,436,000001.SZ,13.98,61.40419999999999,34.6346,16.376923419999997
448,448,BSBR,5.51,12.797000000000002,8.241000000000001,5.7992922
449,449,LHX,215.66,691.6709999999999,366.488,305.631466
451,451,MAERSK-B.CO,15300.0,245012.09460000004,124965.28979999998,35611.45360578
461,461,CNC,72.74,150.50480000000002,86.77490000000002,82.75847913000001
474,474,ACA.PA,11.56,30.8,17.6,13.248
477,477,PCAR,72.99,161.99399999999997,92.162,84.41263739999998
486,486,6981.T,7672.0,13708.87,7873.337499999999,8766.70194925
496,496,MFC,19.55,62.47460000000001,37.8098,21.30053562
497,497,HOLN.SW,54.82,90.624,55.047,59.4845316
500,500,IBKR,86.21,173.74,96.22,104.672196
501,501,2388.HK,26.25,78.29168,47.51684,28.498482008
502,502,600690.SS,26.16,55.158,31.566499999999994,30.03817825
507,507,ALL,135.41,282.8454,189.0252,140.67047664
509,509,601601.SS,26.42,52.722,33.5385,28.0136259
520,520,002475.SZ,32.13,79.24560000000001,42.5378,42.73046984000001
523,523,GMBXF,4.355,12.584,7.622999999999998,4.73715
527,527,601668.SS,5.43,38.164,22.272,6.078098399999999
529,529,0267.HK,9.13,29.933000000000003,20.054,9.4899376
532,532,7182.T,1173.0,2032.464,1228.752,1277.5172256
534,534,DHI,98.59,280.12980000000005,163.7974,110.45807982
541,541,DLTR,147.04,282.952,157.0135,177.5770027
542,542,CPRT,67.9,156.645,86.435,83.01662850000001
543,543,CABK.MC,3.97,8.09784,4.61817,4.578106805999999
546,546,MARUTI.NS,8811.35,18377.544,9588.347000000002,14008.596180800005
552,552,601998.SS,4.94,28.967279999999995,16.90639,5.544889779
566,566,KR,44.8,103.986,60.9855,50.0180835
568,568,APTV,112.8,189.81,113.22,124.02918
570,570,HXGBF,11.63,87.67960000000001,49.8348,13.462236840000005
572,572,ALB,268.29,573.1968,296.27840000000003,475.33718848
578,578,002142.SZ,31.41,96.3144,55.0872,36.12301056
582,582,CSGP,75.96,284.21000000000004,158.22,91.13472
584,584,0011.HK,126.1,356.283,213.259,138.2657703
586,586,DFS,115.0,1078.7126,563.8038,179.80119234
597,597,DELL,42.72,108.7916,66.0008,46.39623296
598,598,600887.SS,31.46,62.495,35.235,36.9254535
599,599,VOD,11.14,157.48700000000002,81.57600000000001,19.1910012
609,609,DNB.OL,190.3,331.0656,198.6153,208.41351846
616,616,1339.HK,2.55,16.03296,9.27048,2.89399488
619,619,NDAQ,59.62,139.605,86.715,63.82463849999999
622,622,000651.SZ,34.27,138.06780000000003,80.11640000000001,38.62155336000001
623,623,2202.HK,14.88,34.662620000000004,23.136560000000003,15.471898980000002
626,626,LEN,101.9,546.702,300.246,126.0597012
635,635,BBD,2.45,3.4982999999999995,2.5714,2.48799096
649,649,BAJAJFINSV.NS,1401.75,16825.91,9185.43,1761.925587
651,651,6702.T,18055.0,59846.43300000001,32707.949,22623.1567037
666,666,MTB,159.02,491.0009999999999,276.713,186.6500463
674,674,EBAY,48.08,85.3664,54.0132,50.97439512
682,682,YUMC,61.17,386.63,199.64,110.00164
683,683,600104.SS,14.83,33.885,23.13,15.337079999999998
690,690,NA.TO,100.6,171.18599999999998,102.588,110.2012656
691,691,ULTRACEMCO.NS,7206.05,13937.3388,7634.7744,8972.967234
694,694,LISP.SW,9960.0,39762.752,23516.601,11027.9335653
703,703,SGEN,135.41,311.10200000000003,165.39600000000002,188.2713408
711,711,GWO.TO,35.59,99.221,58.32799999999999,39.6220836
715,715,SEB-A.ST,122.9,291.89160000000004,170.44830000000002,137.77289757
727,727,TTD,48.69,200.475,113.85,56.50128
730,730,0001.HK,49.45,165.6932,111.2541,51.346122390000005
735,735,FTV,68.13,118.404,72.072,73.81389600000001
736,736,HIG,77.21,168.46480000000005,97.1299,87.83449352999999
739,739,RJF,111.32,322.2198,181.7074,130.59984938000002
741,741,4689.T,394.9,860.2139999999999,468.6345,499.40403255
742,742,ACGL,64.22,180.9136,101.6218,75.85764493999999
746,746,GFNORTEO.MX,154.57,363.09240000000005,210.09120000000004,175.02170568000005
748,748,VNA.DE,26.07,95.681,63.983,27.0792492
755,755,1113.HK,50.8,133.155,88.77000000000001,52.790712000000006
765,765,ITBA.F,23.4,44.954,27.482,25.3403696
777,777,601818.SS,3.01,15.58912,9.46656,3.2675227200000005
783,783,NIBE-B.ST,111.05,301.00100000000003,166.148,135.79560540000003
798,798,0762.HK,5.63,15.51228,8.89189,6.442381217999999
801,801,TEF,3.81,11.6467,6.618099999999999,4.41465418
811,811,600188.SS,33.27,74.7634,41.6992,39.775579480000005
815,815,1010.SR,26.8,63.89900000000001,36.267,31.078228500000005
817,817,600016.SS,3.44,6.4602,5.0616,3.46387932
818,818,1766.HK,3.59,9.5722,6.0456,3.81334464
822,822,TSCDF,2.925,27.293000000000003,16.71,3.1642056000000003
827,827,PPL,28.66,82.9704,46.7377,33.67759177
828,828,IX,89.61,277.47200000000004,158.97600000000003,102.7329408
835,835,600031.SS,16.53,35.457,23.861,17.135699099999997
836,836,ELE.MC,18.12,30.5712,18.9156,19.49456256
840,840,UMC,8.27,42.185,22.605000000000004,11.1886335
852,852,BMRN,109.46,644.1120000000001,333.60600000000005,188.8005042
853,853,SHB-A.ST,102.2,190.4386,117.4668,109.86038784
856,856,CAH,79.83,133.95000000000002,79.9,87.73490000000001
875,875,0390.HK,4.2,40.29228,23.06664,4.8245725440000005
877,877,PTTEP.BK,163.5,444.23280000000005,239.6889,213.24329073
878,878,0960.HK,25.35,110.74668,64.99284,28.2972459
882,882,AKRBP.OL,304.7,3537.8772000000004,1801.0311000000002,753.6236612099999
884,884,NTPC.NS,165.0,276.125,170.375,177.34275
888,888,III.L,1632.0,6038.009999999999,3813.479999999999,1733.4866700000002
893,893,SWKS,119.61,200.716,120.21299999999998,131.1010488
895,895,LPLA,240.12,500.02260000000007,265.21880000000004,338.54067184
906,906,PAH3.DE,55.12,96.728,71.90400000000001,55.8981696
908,908,BBY,85.52,167.57999999999998,102.6,92.34
910,910,LGEN.L,253.6,514.5600000000001,327.68000000000006,268.410368
911,911,FOX,33.2,68.05699999999999,40.986,36.3026664
913,913,TTWO,111.1,288.225,155.855,143.88149299999998
914,914,SIVB,310.03,744.31,455.7,334.66608
917,917,6201.T,7690.0,13111.5384,7766.539200000001,8510.087586239999
918,918,F34.SI,3.96,9.6621,5.7138,4.38894312
922,922,MGA,54.14,222.012,117.936,75.6731808
925,925,0003.HK,7.71,19.247200000000003,10.7016,9.2664684
926,926,GRMN,95.91,164.42819999999998,97.2566,106.28654163999998
933,933,POWERGRID.NS,214.1,849.308,486.804,245.14079880000003
937,937,MKL,1358.25,20282.634,10686.2295,1994.32129575
951,951,000625.SZ,13.67,30.0472,16.9761,16.06998096
952,952,8801.T,2424.0,5465.622,3245.796,2675.1626784000005
953,953,0012.HK,29.2,49.91219999999999,34.6086,30.03841152
955,955,1913.HK,53.35,445.22576,225.01088,187.18435712
961,961,601211.SS,14.22,38.7464,23.4432,15.43177056
964,964,FRE.DE,28.12,59.180400000000006,38.0052,29.64557988
969,969,MOH,304.31,555.8952,311.4426,360.75681348
979,979,4578.T,4137.0,8134.406999999999,4818.366,4578.529374000001
985,985,PKN.WA,63.5,265.149,180.232,65.5843452
987,987,8802.T,1619.0,2639.755,1628.785,1740.0759474999998
997,997,001979.SZ,14.81,48.8,28.8,16.445760000000003
1002,1002,600999.SS,14.02,38.720000000000006,22.385000000000005,15.9472115
1008,1008,UI,279.33,530.909,291.387,346.0732674
1020,1020,KB,44.13,166.53,108.29,46.29761499999999
1023,1023,ALL.AX,35.9,87.69600000000001,49.788,41.661021600000005
1025,1025,SWMA.ST,113.55,1244.6272,716.9685999999999,129.2949438
1027,1027,COO,335.14,1293.3300000000002,771.46,368.39484
1041,1041,OMV.F,48.11,74.3232,54.5416,48.879151760000006
1050,1050,BT-A.L,136.0,339.29999999999995,217.5,143.55173999999997
1051,1051,2020.SR,128.0,247.867,132.486,173.746992
1056,1056,TEL.OL,116.4,296.91200000000003,182.336,125.505072
1065,1065,EBR,7.11,11.025,7.574999999999999,7.3381425
1066,1066,1972.HK,21.55,85.956,58.928,22.257801600000004
1069,1069,ASX,7.35,40.757000000000005,21.836,9.900739200000002
1071,1071,601009.SS,10.17,59.84439999999999,33.6072,11.993621760000002
1081,1081,ADANIPORTS.NS,583.95,1429.0812,782.1356,728.97476256
1082,1082,0175.HK,11.62,103.13512,54.33406,17.08153293
1084,1084,1925.T,3022.0,6421.079999999999,4016.84,3225.425764
1093,1093,AV.L,440.0,611.448,497.674,440.311662
1101,1101,601238.SS,11.63,40.7364,22.6507,14.02761835
1103,1103,ASII.JK,5700.0,15066.0,8556.0,6610.886399999999
1112,1112,LKQ,56.17,187.995,100.845,74.89309950000002
1116,1116,601186.SS,7.98,35.6132,22.1516,8.52221664
1119,1119,PHG,16.77,47.892,28.236000000000004,18.6141384
1121,1121,RE,379.48,2797.3416,1456.4757999999997,616.0872454799999
1123,1123,2886.TW,32.6,64.25280000000001,37.186400000000006,36.91189408
1127,1127,TRYG.CO,156.1,664.9559999999999,368.503,189.1469176
1129,1129,2338.HK,11.76,18.6839,12.875699999999998,12.11283405
1138,1138,PST.MI,10.05,25.203000000000003,15.159,11.018751600000002
1142,1142,2891.TW,22.45,45.838,28.8315,23.930544900000005
1146,1146,BG,98.89,297.22,169.84,113.81595999999998
1164,1164,1038.HK,44.15,118.5114,70.7232,48.55866587999999
1172,1172,CA.PA,16.3,31.916,18.1305,18.82390275
1185,1185,6762.T,4610.0,19994.282,11720.785999999998,5152.8335936
1186,1186,0881.HK,43.75,78.73854,45.45502,49.674896754
1193,1193,IP,38.63,114.905,64.19,45.9963
1197,1197,BIO,471.18,5991.867,3369.576,555.3903642
1205,1205,8308.T,735.0,2939.04,1641.12,876.940896
1224,1224,FHN,24.73,57.2,34.32,27.057888
1227,1227,B3SA3.SA,11.8,42.42699999999999,26.796,12.5471052
1245,1245,2503.T,2041.5,6969.799200000001,3720.1346,2786.9071430200006
1267,1267,SWK,85.83,345.384,199.752,97.2168384
1268,1268,PHM,55.98,149.833,90.234,61.0676976
1269,1269,UHAL,64.89,1294.755,739.86,74.641785
1272,1272,SGRO.L,829.8,3992.2799999999993,2336.0399999999995,928.049364
1277,1277,7270.T,2080.5,20601.3534,10713.4242,3419.51067612
1285,1285,SCC.BK,338.0,746.991,469.9380000000001,359.71158720000005
1289,1289,NN.AS,40.17,112.2344,72.2597,42.28280748
1294,1294,600015.SS,5.15,13.8294,10.1322,5.209668359999998
1298,1298,NMR,4.12,13.5138,7.9834,4.5702333600000005
1305,1305,TLX.DE,44.1,98.2072,56.418600000000005,50.36980788
1311,1311,MIN.AX,89.65,341.8476,180.2463,131.21271624
1314,1314,NEXI.MI,8.09,45.14,23.12,16.967524
1316,1316,CNA,44.24,72.14999999999999,46.8,46.5192
1320,1320,CS,3.14,5.537,4.116,3.1848726000000003
1324,1324,TECH,76.29,133.848,79.02400000000002,84.70686400000001
1333,1333,AN,133.85,566.262,310.02599999999995,166.95858539999998
1341,1341,GL,121.53,272.3954,156.5202,138.88786692
1354,1354,8830.T,3124.0,6900.971,4358.508,3317.2604388000004
1362,1362,DOX,95.95,181.1456,104.65279999999998,108.78623744000002
1364,1364,JD.L,178.9,935.64,531.07,207.731446
1376,1376,RPM,87.12,176.67999999999998,97.965,105.442785
1388,1388,BWA,48.32,145.314,79.09199999999998,61.271028
1399,1399,INDUSINDBK.NS,1161.2,2493.504,1356.642,1474.1911332000002
1400,1400,0019.HK,66.9,792.5999999999999,412.8,108.2442
1401,1401,VIV.PA,9.78,33.6924,20.3112,10.66931712
1407,1407,1177.HK,4.49,11.51016,6.41783,5.368300546
1417,1417,TFII,124.9,227.1604,129.0352,144.87184296
1418,1418,1140.SR,40.95,111.305,61.07,50.736956
1433,1433,BANKBARODA.NS,169.3,666.043,349.384,256.9180964
1436,1436,4528.T,2859.5,7911.1616,4365.1383,3497.4006336000007
1437,1437,SCI,71.23,122.19999999999996,71.44,79.80224
1467,1467,KBANK.BK,143.0,534.8340000000001,305.422,164.63558700000002
1475,1475,DAR,65.67,168.17440000000002,88.9822,93.89323958
1486,1486,BBWI,44.32,165.1972,98.3836,48.80611792
1488,1488,WCH.F,141.1,323.50319999999994,174.37409999999997,184.94268516
1499,1499,6701.T,4860.0,7857.036,5019.773,5135.694042499999
1515,1515,RGA,151.58,1903.4746,969.0898,373.73193596
1520,1520,PAG,140.08,417.663,231.849,169.0163307
1528,1528,SDR.L,492.2,2373.586,1652.3680000000002,506.2604988000001
1535,1535,6988.T,8510.0,18092.537,10345.341,9775.3977411
1543,1543,RNR,216.73,597.6179999999999,327.794,268.9276784
1544,1544,2007.HK,2.67,62.79546000000001,37.08198,2.958137442
1545,1545,KEP,7.53,80.72999999999999,44.16,9.384
1549,1549,SNX,101.88,275.128,163.744,112.254128
1564,1564,PKO.WA,32.13,72.4616,42.0608,36.31371744
1565,1565,WBS,54.68,148.04899999999998,82.63199999999999,65.21448899999999
1566,1566,MB.MI,10.2,30.194000000000003,16.802,12.286230000000002
1569,1569,LIFCO-B.ST,213.7,391.993,249.099,226.3736403
1572,1572,BBL.BK,164.0,301.0056,174.1803,185.72041215
1585,1585,KCHOL.IS,68.95,300.55920000000003,160.3446,94.3865871
1586,1586,2883.HK,9.05,191.63372,97.42835999999998,23.457429984
1590,1590,OC,98.46,160.537,99.216,105.6700008
1593,1593,DIVISLAB.NS,2811.25,7659.001999999999,4023.266,4219.842353999999
1602,1602,FROTO.IS,490.6,1855.815,970.12,766.295332
1610,1610,MNDI.L,1457.5,3737.52,2155.86,1656.3623760000005
1616,1616,RDY,54.91,123.695,66.605,72.161414
1617,1617,VST,23.04,173.55,90.35,37.4335
1624,1624,000876.SZ,13.26,63.756,33.9955,18.06910105
1625,1625,A17U.SI,2.77,5.0457,2.8556,3.22945854
1626,1626,BPCL.NS,334.0,1326.408,719.3040000000001,428.5833551999999
1639,1639,BSMX,6.54,21.238,12.654000000000002,7.251186000000001
1645,1645,JEF,38.8,195.355,109.75,45.74116599999999
1647,1647,HII,221.33,622.182,358.226,252.03495860000004
1657,1657,0384.HK,12.36,65.7536,37.7168,14.138055359999996
1670,1670,1101.TW,36.85,351.0856,186.7903,51.10114303
1671,1671,GRFS,9.65,19.278,11.124000000000002,10.9130976
1672,1672,BEL.NS,96.25,155.636,97.893,102.4589967
1681,1681,OTP.BD,11110.0,66038.196,35779.053,14293.1094291
1688,1688,AU,19.77,38.9532,25.7191,20.65149752
1689,1689,SBNY,129.93,239.7276,151.0488,138.16964448000002
1705,1705,CCL-B.TO,62.67,438.0750000000001,227.15,106.66905
1712,1712,WAL,74.82,149.94,91.8,80.76931200000001
1727,1727,6415.TW,631.0,3111.915,1649.485,892.7029825000001
1729,1729,UNM,42.46,148.9092,85.1521,48.80389332
1735,1735,BSAC,17.2,47.4,29.200000000000003,18.5072
1737,1737,JBSS3.SA,18.84,164.869,87.192,27.0161298
1741,1741,9502.T,1391.0,7532.955000000001,4301.765,1601.9013725000002
1744,1744,UGI,39.37,66.15599999999999,41.273,42.094198600000006
1746,1746,CHOLAFIN.NS,777.55,1745.4919999999995,917.1585,1164.80074275
1757,1757,0656.HK,7.45,88.49274,49.56212,8.829248119999999
1758,1758,ICBP.JK,10300.0,18639.06,10872.785000000002,11564.350608
1760,1760,NRG,34.86,174.50099999999998,92.94299999999998,48.0702852
1761,1761,ORI,26.35,159.03,94.86,29.032740000000008
1769,1769,CTC.TO,300.0,597.035,332.37,359.99364
1774,1774,0017.HK,23.95,695.4816000000001,426.0608,25.827486720000003
1775,1775,6488.TWO,531.0,1412.0106,788.5878000000001,633.1875950400001
1784,1784,GAIL.NS,95.85,306.40500000000003,204.27,99.654048
1791,1791,1099.HK,20.1,60.31764,36.64332,21.805859664
1814,1814,7259.T,3645.0,11249.252,6702.5160000000005,4013.396028
1823,1823,6479.T,2419.0,4616.388000000001,2596.0640000000003,2849.7643544
1831,1831,5876.TW,47.05,107.6978,62.12639999999999,53.46341532
1833,1833,LAD,274.25,435.149,281.567,288.1007506
1839,1839,NXST,195.75,850.0878,472.8114,235.34255178
1841,1841,BERY,62.24,157.08360000000002,91.5768,69.85046016
1842,1842,DVA,83.08,147.516,91.5505,89.01464819999998
1850,1850,TX,37.95,74.55,56.8,38.36485
1854,1854,BALN.SW,149.7,263.6694,158.3172,163.8825696
1868,1868,SOL.AX,28.53,76.32799999999999,49.32899999999999,30.011702700000004
1880,1880,SEE,49.3,83.2048,50.4574,53.57235394
1881,1881,AMKR,27.6,47.0744,28.019699999999997,30.44384415
1891,1891,WFG,85.25,1940.4728,1050.8938999999998,109.95679149
1910,1910,MPW,12.09,26.414,15.792,13.2317784
1927,1927,SF,66.38,179.1396,102.9348,75.85685316
1928,1928,HOG,47.75,117.428,62.124,68.10300720000001
1931,1931,PRIO3.SA,42.75,118.16700000000002,68.186,48.581267200000006
1932,1932,KOG.OL,380.6,918.168,503.304,473.1027047999999
1933,1933,PB,76.03,153.2202,92.3676,82.97168352
1934,1934,ASRNL.AS,42.42,102.834,62.252,46.2108416
1935,1935,AIZ,133.41,302.667,170.55599999999998,156.5754408
1952,1952,PNB.NS,51.25,121.1388,63.81439999999999,75.06227799999999
1957,1957,BOKF,103.13,166.725,103.74,110.367504
1967,1967,SKX,43.78,2786.768,1395.9965,681.9087820999999
1971,1971,G07.SI,18.98,37.555,24.36,19.929525
1981,1981,CPFE3.SA,30.97,115.8456,66.6128,35.328294400000004
1982,1982,KT,13.32,20.04,13.32,13.903596
1986,1986,SPSN.SW,80.65,121.555,81.54,83.776461
1989,1989,TIT.MI,0.295,19.118820000000003,10.50266,0.364654276
1992,1992,GNTX,28.3,60.55100000000001,34.428000000000004,32.8383324
2012,2012,UPL.NS,726.9,1490.5104,832.5402,866.9969218199999
2014,2014,OSK,90.31,216.7128,122.3264,105.74946592000002
2017,2017,BKT.MC,6.54,12.544,7.2345,7.435723050000001
2022,2022,CTPNV.AS,13.7,664.245,374.115,16.148025
2024,2024,NVST,39.93,186.3744,98.7972,56.43396432
2030,2030,1878.T,12260.0,30216.648,18445.504,13261.589264
2040,2040,3037.TW,129.0,320.2302,173.6176,165.439995
2043,2043,GETI-B.ST,239.5,436.254,254.592,268.6916231999999
2044,2044,CW,170.97,1384.8,705.6,410.3424
2051,2051,0293.HK,7.72,20.855,11.61,9.2622
2053,2053,ASELS.IS,52.95,123.101,67.298,66.332838
2054,2054,CAR-UN.TO,49.19,204.281,116.963,56.38284959999999
2057,2057,IRCTC.NS,644.15,2092.785,1087.0649999999998,1072.4339924999997
2078,2078,3003.T,1067.0,2065.827,1292.321,1138.3527441
2085,2085,BLD,194.79,398.8992,219.8546,238.8525825
2086,2086,HAPV3.SA,4.54,21.315,11.235,6.651393
2087,2087,SNV,43.29,80.85,49.5,46.830960000000005
2094,2094,LEG.DE,72.5,330.459,216.572,75.77182160000001
2096,2096,BC,86.47,229.46,131.12,99.38299999999998
2098,2098,LU,2.55,9.135,7.454999999999999,2.5540515000000004
2110,2110,MAP.MC,1.894,3.0144,2.0352,1.96127232
2111,2111,NEP,72.35,147.91500000000002,88.23,79.52637
2113,2113,CACC,463.91,2107.4532,1163.7816,566.2458614400001
2116,2116,NPI.TO,33.4,98.175,53.9,41.401815
2117,2117,TPG.AX,4.67,7.948400000000001,5.736949999999999,4.764011355
2122,2122,SMDS.L,341.8,542.2560000000001,356.92800000000005,357.1346688
2126,2126,PNFP,79.81,384.183,206.584,105.4098022
2130,2130,4204.T,1840.0,5781.768,3143.664,2340.7832448
2135,2135,LDO.MI,9.86,19.3956,10.8528,11.74448184
2147,2147,EHC,61.35,107.665,62.21999999999999,69.55445699999999
2156,2156,UNTR.JK,24500.0,78472.8,43691.4,29385.93168
2157,2157,SIGI,99.96,198.033,114.444,113.3662068
2165,2165,BALD-B.ST,56.36,1473.8074,838.0762,65.17105686
2166,2166,EGIE3.SA,38.03,79.91900000000001,49.392,40.8535638
2171,2171,1128.HK,8.75,57.722,31.556,10.9567528
2191,2191,VRT,14.46,159.5646,80.8548,43.65241296000001
2219,2219,UFPI,94.29,214.625,121.2,110.25261
2228,2228,LNC,33.81,107.008,60.54399999999999,39.44823040000001
2246,2246,CRFB3.SA,14.22,97.875,52.650000000000006,18.817920000000004
2250,2250,FALABELLA.SN,1907.9,4111.0,2083.0,5748.5027
2251,2251,GTLS,136.97,971.395,509.48500000000007,208.12730400000004
2256,2256,CLN.SW,15.66,93.52360000000002,53.05930000000001,18.19640412
2258,2258,EXEL,17.55,35.175,18.55,25.62154
2260,2260,1402.TW,32.15,63.78820000000002,36.3216,37.15450452
2262,2262,WTFC,93.65,175.845,104.89,102.95879
2268,2268,QDEL,86.5,425.94,264.12,92.71728000000002
2269,2269,EQTL3.SA,26.75,99.41500000000002,57.82000000000001,30.127819
2278,2278,AAF.L,122.3,262.288,145.444,147.9511488
2283,2283,COLM,89.59,176.87400000000002,95.202,117.83225339999998
2284,2284,7276.T,2237.0,11331.5692,6309.0921,2682.97404876
2295,2295,OMF,45.4,330.495,187.935,52.6306935
2297,2297,BC8.F,39.91,166.254,95.722,45.4367602
2298,2298,3618.HK,2.79,21.81348,13.82724,2.9612022120000003
2303,2303,UBSI,41.3,68.355,41.85,44.565228000000005
2317,2317,OZK,46.75,108.225,63.27,52.438176000000006
2322,2322,QBR-B.TO,31.65,50.995,31.960000000000004,33.743697000000004
2324,2324,CNM,22.16,56.864,29.312,41.0373184
2328,2328,1802.T,980.0,1608.4224,1158.6312,998.9798112
2347,2347,NYKAA.NS,154.7,589.4896000000001,300.4098,369.4843398
2366,2366,ISCTR.IS,9.52,88.35600000000001,48.248000000000005,11.9711872
2387,2387,BCI.SN,25400.0,93241.2,52769.600000000006,29617.51936
2393,2393,ONB,17.81,42.875,26.25,19.1835
2394,2394,FNB,14.39,28.215,16.83,15.84495
2398,2398,GBCI,47.06,90.63,54.06,51.70044000000001
2406,2406,JYSK.CO,545.4,1447.6176000000005,778.1488000000002,721.9687488000001
2407,2407,ABG,231.51,771.225,432.225,274.371345
2412,2412,9147.T,7460.0,12966.58,8390.14,7841.494183999999
2422,2422,HOT.F,58.32,197.12,115.5,65.189586
2429,2429,MUTHOOTFIN.NS,1013.95,4618.539,2556.852,1230.6776892
2434,2434,NHPC.NS,40.0,84.1232,50.2016,43.94001599999999
2435,2435,THG,142.82,514.29,292.95,164.967957
2440,2440,BPOP,70.22,160.95,104.4,73.71945
2445,2445,0489.HK,4.42,35.79528,22.48464,4.70662896
2447,2447,6305.T,3075.0,7706.27,3986.84,5381.626249999999
2452,2452,THO,92.29,2302.785,1170.67,240.03642
2453,2453,IG.MI,5.6,10.7442,6.664599999999999,5.96435264
2455,2455,TIMB,10.74,43.54900000000001,24.717,12.4723908
2459,2459,AQN,7.43,26.2492,16.892100000000003,7.821173819999999
2465,2465,6669.TW,841.0,2142.3852,1205.8876,989.1684389200002
2471,2471,1102.TW,42.2,380.4066,202.3308,58.55125248
2487,2487,MTPOF,1.02,3.70904,2.04977,1.243403049
2489,2489,CADE,27.06,43.845,28.44,28.368900000000004
2502,2502,TKA.F,6.96,1294.8416,690.7608,9.48833952
2503,2503,ASAI,17.85,34.819399999999995,23.1572,18.62032832
2505,2505,AL,43.4,149.0844,86.6147,48.94409683
2511,2511,BANDHANBNK.NS,244.3,1097.8995999999995,593.6922999999999,316.44170546
2515,2515,JSWENERGY.NS,229.95,496.543,261.609,337.80036599999994
2517,2517,9719.T,1955.0,10652.65,6209.7625,2197.63816125
2529,2529,HFG.DE,22.2,87.5292,49.5121,25.8515026
2537,2537,PFC.NS,145.8,910.5306,552.0928,158.42218391999998
2539,2539,NVEI,33.14,74.96000000000001,39.68000000000001,47.137856
2543,2543,3291.T,2059.0,6944.686000000001,4124.148,2273.9129952000003
2544,2544,GARAN.IS,21.06,120.14999999999998,64.19999999999999,28.57911
2547,2547,TA1.F,6.56,20.886399999999995,12.120699999999998,7.35325476
2557,2557,KRC,39.76,1044.29,537.38,75.57668
2566,2566,FRAS.L,760.0,1779.7499999999998,951.75,1028.34765
2567,2567,CONCOR.NS,609.45,1361.8616000000002,716.6258,903.2080431
2569,2569,BUCN.SW,411.2,755.7998000000001,418.3524000000001,499.2938808
2571,2571,H5P.F,19.5,79.577,43.941,23.876044500000003
2574,2574,CAST.ST,146.75,441.4500000000001,310.65000000000003,150.493575
2585,2585,ESNT,42.33,93.896,57.618,45.6537678
2586,2586,CABO,791.65,1461.1950000000002,871.59,870.7696800000001
2596,2596,SID,3.27,23.46816,15.68858,3.391892565999999
2597,2597,LIGHT.AS,32.7,78.7094,46.75220000000001,36.13543174
2598,2598,D01.SI,3.33,17.976,9.538,4.684977
2602,2602,SCR.PA,22.52,72.125,39.5,28.06615
2608,2608,ASO,57.38,199.165,117.54,63.712557
2609,2609,AT1.F,2.577,18.1179,10.4092,2.9437904999999995
2613,2613,SAM,359.98,5898.4962,3002.2955999999995,894.98316096
2615,2615,TGNA,19.93,62.415,37.23,21.9219
2625,2625,6770.TW,33.7,510.111,263.718,59.5078092
2639,2639,INDIANB.NS,289.85,587.106,325.398,351.00520140000003
2648,2648,APPF,124.31,259.74,142.08,155.40000000000003
2649,2649,2875.T,5580.0,12663.978,7108.314,6595.7097078
2651,2651,SMG,76.7,139.42499999999998,92.95,79.79504
2658,2658,SAIL.NS,84.55,385.762,214.936,101.26789839999998
2662,2662,NMDC.NS,118.8,303.069,185.277,128.3942616
2665,2665,ATCO,15.35,31.31,17.36,18.514936
2669,2669,OLPX,6.36,12.217,6.631,8.264770099999998
2670,2670,FCC.MC,8.97,55.84400000000001,30.452,11.369176000000005
2672,2672,G24.F,51.32,918.4588,522.9469,59.446203180000005
2674,2674,601866.SS,2.55,4.10424,2.59112,2.708567512
2675,2675,NEOG,19.64,33.059999999999995,19.72,21.6282
2692,2692,ZWS,23.25,80.325,45.36,27.198989999999995
2694,2694,ONEX.TO,67.44,2134.19,1092.78,141.61308
2695,2695,ESGR,241.11,2245.8,1339.6,265.24080000000004
2696,2696,ALSN,45.32,87.3392,50.46210000000001,51.355545930000005
2702,2702,UTDI.F,19.6,49.126,28.798,21.8978914
2706,2706,FL,44.82,227.7352,122.3376,59.4771408
2712,2712,TRTN,71.74,146.20499999999998,87.21,78.88914000000001
2719,2719,TTB.BK,1.4,4.14552,2.3257600000000003,1.656203872
2721,2721,PETRONET.NS,222.3,494.2475999999999,296.1563,243.70698361
2722,2722,EVN.AX,3.12,6.12804,3.677270000000001,3.415836173
2726,2726,UMPQ,18.95,56.43,33.66,20.84346
2730,2730,FIZZ,44.76,109.1046,59.5848,56.20291608000001
2742,2742,3481.TW,12.65,73.74600000000001,37.340500000000006,39.78314925
2743,2743,KMPR,64.59,200.64,119.68,71.01248000000001
2752,2752,AKBNK.IS,14.7,92.058,49.714000000000006,19.089573
2757,2757,MTG,13.92,22.3944,14.7447,14.549187600000002
2762,2762,FTT.TO,37.07,67.353,37.609,44.21926080000001
2764,2764,AEL,47.3,402.82200000000006,220.386,59.13909960000001
2766,2766,AB,39.38,124.7868,70.8084,45.6674094
2782,2782,SAHOL.IS,37.14,114.894,63.882,44.730667800000006
2787,2787,VPK.AS,29.54,50.7152,31.7376,31.53119424
2798,2798,INDF.JK,6900.0,14116.416,9080.0905,7265.417870900002
2802,2802,BTG,3.62,28.615,15.929999999999998,4.347119999999999
2822,2822,PINC,32.41,58.14,36.0825,34.78249724999999
2824,2824,PCH,47.8,86.21000000000001,55.92,50.202180000000006
2828,2828,SINCH.ST,44.2,475.688,259.184,55.909248000000005
2832,2832,BIMAS.IS,120.0,541.5083999999999,282.60669999999993,190.33712095
2835,2835,SRAD,12.6,8771.893199999999,4500.099099999999,25.0815873
2839,2839,TKC,4.43,52.5225,28.31,5.8069025000000005
2840,2840,FIBK,36.69,71.295,43.650000000000006,39.59928
2841,2841,RECLTD.NS,117.0,1087.996,638.323,130.5424043
2852,2852,OBEROIRLTY.NS,859.0,1824.9224,965.6462,1227.88704604
2854,2854,GAW.L,9240.0,29928.9,15783.4,13491.471640000002
2868,2868,0069.HK,8.26,19.70694,10.769220000000002,10.367773848
2875,2875,JUBLFOOD.NS,460.35,1088.8912,577.6656,648.29134416
2877,2877,GCO.MC,28.6,58.830000000000005,35.52,31.16702400000001
2896,2896,YKBNK.IS,8.13,39.88799999999999,21.594,10.4714082
2900,2900,SLM,15.25,130.9048,73.89489999999999,17.86242353
2901,2901,VNT,23.14,58.853,36.49399999999999,24.8504608
2907,2907,DLG.MI,21.34,47.291,27.248,24.2848062
2908,2908,MYOR.JK,2440.0,6849.331199999999,3678.1056,3243.53138688
2915,2915,VONN.SW,58.6,206.125,114.75,70.329
2919,2919,BIOCON.NS,242.35,828.8410000000001,431.443,394.2847395
2927,2927,0014.HK,26.9,86.11800000000001,55.7915,28.25876515
2928,2928,SEM,28.85,54.6962,32.6556,31.75819632
2936,2936,2128.HK,8.55,16.490699999999997,11.2566,8.832453959999999
2946,2946,TTKOM.IS,18.99,36.309,20.657,22.0155117
2948,2948,ASB,23.63,53.165,32.55,25.474931999999995
2949,2949,GICRE.NS,158.4,376.2,219.0375,178.27900875
2956,2956,LOPE,112.89,1027.325,528.65,214.45205
2961,2961,0023.HK,10.36,30.349,17.622,11.685628800000002
2964,2964,ALK-B.CO,104.1,542.303,277.394,224.0279344
2971,2971,PAAS,16.48,36.363,20.519,19.3761274
2974,2974,AVNT,37.88,90.3,53.400000000000006,41.94888
2976,2976,FHI,39.84,118.902,67.646,46.0634096
2982,2982,SFM,32.58,61.6248,37.4949,35.33332509000001
2988,2988,BCP.LS,0.2098,0.7774,0.4161999999999999,0.28243276
2992,2992,TNL,41.46,105.3468,59.1084,48.9809268
2993,2993,BION.SW,57.5,555.8256,317.8428,66.06083088
3000,3000,CVBF,24.49,42.75,25.5,26.961
3014,3014,PACW,27.84,83.78999999999999,49.98,30.65832
3017,3017,FEDERALBNK.NS,131.45,449.942,245.156,166.16468160000002
3019,3019,ARCLK.IS,94.85,477.20200000000006,253.5885,132.24025515
3027,3027,RLX,2.07,5.20288,2.99194,2.361659652
3030,3030,ABCB,48.46,129.36,79.2,52.291008000000005
3033,3033,ILU.AX,10.87,93.7582,62.58160000000001,11.2786204
3040,3040,ACE.MI,14.34,25.058,16.214000000000002,15.0974048
3041,3041,COROMANDEL.NS,924.9,1740.97,994.84,1063.4613499999998
3047,3047,BTS.BK,8.15,35.629999999999995,19.19,10.70747
3054,3054,PFSI,65.57,1045.1632000000002,580.1116000000001,79.05352108000001
3073,3073,SMGR.JK,7750.0,14951.337600000004,8770.258800000001,8649.884526480002
3083,3083,LAZ,37.82,86.16300000000001,53.339000000000006,40.6232435
3096,3096,GPI,224.8,608.159,357.51199999999994,250.43288140000004
3105,3105,ESCORTS.NS,2057.8,3708.8792,2074.8246,2446.75049328
3106,3106,TV,5.7,21.183,12.489,6.378028799999999
3112,3112,CATY,43.82,78.4,48.0,47.31264
3116,3116,AUROPHARMA.NS,468.85,2857.468,1681.404,521.5384439999999
3117,3117,FIE.F,33.4,67.693,37.669,40.232299
3118,3118,DQ,42.12,269.008,139.179,73.75491989999999
3130,3130,HIW,29.68,50.47,30.9,32.081616000000004
3141,3141,VID.MC,93.5,219.742,125.326,107.8248704
3145,3145,RAJESHEXPO.NS,855.2,1650.663,902.139,1071.5863998
3161,3161,GNN.F,22.54,84.6756,45.8853,28.875407730000003
3167,3167,STNE,9.62,34.992,18.981,12.4423398
3170,3170,NOMD,17.92,37.264,22.399500000000003,19.5351588
3171,3171,4912.T,1407.0,3332.7728,1948.5639000000003,1575.45639369
3172,3172,WSFS,50.45,110.5,64.6,56.510720000000006
3183,3183,OIL.NS,223.55,1844.97,995.91,291.1931369999999
3185,3185,WD,93.89,219.165,130.73000000000002,103.28439000000004
3197,3197,VAKBN.IS,8.02,104.69,57.57,9.886194
3202,3202,ZGN,12.36,65.7216,36.8208,14.61541248
3203,3203,STEP,29.6,162.05800000000002,97.47400000000002,32.35389300000001
3211,3211,SIM.CO,507.0,2454.3272,1272.1536,865.74705264
3219,3219,PJT,76.74,268.164,146.952,95.36304959999998
3232,3232,CRC,42.49,564.465,376.31,44.117216
3235,3235,PSEC,7.55,22.2,14.4,7.9002
3241,3241,DLG.L,179.5,306.0,223.125,182.6616
3246,3246,PNN.L,904.0,7713.784000000001,5056.717,944.5951719
3247,3247,INMD,34.62,130.32600000000002,69.94800000000001,46.2145392
3249,3249,LCII,111.18,304.095,169.29,133.40052
3256,3256,CNO,25.87,95.475,56.95,28.485050000000005
3258,3258,AX,48.72,97.47,58.14,53.6085
3264,3264,WOR,58.57,1053.165,558.235,82.8990485
3266,3266,AAWW,102.2,384.75,229.5,112.41450000000002
3269,3269,SFNC,22.47,41.625,27.0,23.625000000000004
3274,3274,ETRN,6.83,55.86200000000001,30.846000000000004,8.347977000000002
3281,3281,SQN.SW,171.9,398.7264,216.0832,220.93660864000003
3282,3282,AUB,38.59,82.565,50.55,41.67342
3288,3288,FULT,17.31,33.075,20.25,18.6624
3291,3291,BKU,37.66,96.1188,57.5744,41.23582328
3293,3293,9468.T,2620.0,5845.45,3333.85,3019.98372
3301,3301,EFGN.SW,8.52,20.757,11.396,10.5491218
3302,3302,WAF.F,82.55,359.9776,194.7288,106.7541552
3311,3311,ROG,150.99,1435.3300000000002,727.62,443.591904
3317,3317,ABCL,9.83,18.24,10.88,10.74304
3324,3324,3333.HK,1.65,86.2302,47.1576,2.05931712
3327,3327,SAFE.L,1035.0,2360.4,1411.2,1136.2982400000003
3329,3329,GNW,5.92,15.54,10.08,6.2181
3332,3332,TRI.PA,131.2,287.03100000000006,163.39800000000002,151.6119432
3337,3337,MDC,37.91,208.485,121.155,42.695268000000006
3344,3344,NOD.OL,141.05,1867.8448,940.1373999999998,718.83334326
3354,3354,IPCALAB.NS,874.6,5105.7522,2784.3436,1102.60275904
3361,3361,FNTN.F,22.58,100.0776,62.2488,24.186091920000003
3363,3363,REZI,18.79,54.83899999999999,28.217,35.7556573
3366,3366,SBCF,32.21,53.53,32.32,35.11871
3383,3383,LGIH,113.53,574.6895999999999,328.7598,130.39222092
3390,3390,IFS,22.28,94.598,58.464,23.8952112
3393,3393,CSIQ,40.32,77.35,45.22,45.18192
3397,3397,EBRO.MC,15.94,39.04,23.04,17.632128
3398,3398,SAGE,45.01,1036.701,549.783,63.5432562
3402,3402,MULT3.SA,23.66,84.34559999999999,45.9678,29.82406458
3414,3414,JKS,52.8,122.656,63.528,91.6117776
3416,3416,JKCEMENT.NS,2802.95,7838.399999999999,4156.3875,3957.7321875
3420,3420,SPB,64.07,211.03,118.44,75.664548
3426,3426,UGP,2.5,8.475,4.65,3.10062
3428,3428,KCR.HE,30.29,106.765,57.865,38.9376845
3442,3442,IBTX,62.51,143.35500000000002,85.51,68.83052
3443,3443,CALM,53.62,682.397,344.96600000000007,184.32111520000004
3449,3449,YY,34.85,1008.7732,555.3441,42.83832108
3454,3454,LICHSGFIN.NS,377.9,2410.947,1355.816,445.0127066
3455,3455,MATX,68.32,244.09,139.48,78.59697999999999
3467,3467,HELE,103.38,246.96,151.2,111.694464
3480,3480,COLB,31.86,66.15,40.5,34.46712000000001
3491,3491,FRME,42.25,68.175,42.42,45.16245299999999
3495,3495,7030.SR,10.4,94.126,48.108,22.8981312
3506,3506,SWON.SW,14.78,54.834,30.552,17.6997312
3507,3507,ABR,14.65,34.544999999999995,21.15,15.83712
3508,3508,TROX,16.25,217.85760000000005,126.7488,18.30765888
3523,3523,ASHM.L,270.2,490.0,322.0,282.359
3526,3526,NHI,58.01,117.99,70.38,63.80154
3527,3527,UNFI,41.38,74.48,46.865,44.013543000000006
3528,3528,NAVI,18.74,108.531,67.05300000000001,20.129970900000004
3530,3530,BMA,20.41,292.2192,159.9696,25.461928800000003
3535,3535,APAM,36.0,233.68500000000003,127.98,44.861607
3537,3537,FFBC,25.71,50.73,30.26,28.27352
3539,3539,ELF.TO,921.0,4607.68,2632.96,1059.7664
3542,3542,PSM.F,9.67,20.296,13.393,10.0845927
3555,3555,THRM,71.23,142.74,78.08,88.93799999999999
3574,3574,HALKB.IS,8.99,42.3936,26.2568,9.63198784
3583,3583,IRE.MI,1.66,3.2219999999999995,2.106,1.7376012
3590,3590,CCOLA.IS,173.5,616.823,321.749,276.662042
3595,3595,VET,14.78,77.4928,42.9814,17.85671426
3599,3599,GRI.L,255.4,572.2599999999999,325.17999999999995,296.075822
3608,3608,CCA.TO,69.2,96.628,70.64399999999999,70.44108119999997
3617,3617,MAHABANK.NS,28.2,72.527,38.766000000000005,38.240420400000005
3623,3623,ROVI.MC,40.3,86.35000000000001,46.2,54.30645000000001
3625,3625,CPS.WA,17.91,66.75,38.27,20.442143
3648,3648,LAURUSLABS.NS,340.05,1425.84,763.19,458.1607800000001
3653,3653,GFF,39.59,88.28280000000001,49.0639,47.67609868
3656,3656,SUNTV.NS,461.35,1490.9828,834.9764,547.5176495199998
3662,3662,PAX,15.1,58.0992,31.6896,19.08900288
3667,3667,FTDR,27.33,81.089,44.147000000000006,34.622802199999995
3671,3671,ENTRA.OL,120.8,839.607,516.4110000000001,130.1524344
3672,3672,WSBC,37.4,70.39500000000001,41.99,41.13538000000001
3687,3687,HTH,33.71,228.69000000000003,130.68,38.80008
3704,3704,0813.HK,4.42,75.25800000000001,47.804,4.6636576
3720,3720,NUS,42.54,80.2956,50.13029999999999,45.44081916
3722,3722,SAH,58.42,184.943,105.479,67.35307150000001
3725,3725,HTLF,49.9,120.84,72.08,54.84864
3727,3727,4587.T,2063.0,4342.7976,2265.6138,3283.07022636
3730,3730,RAMCOCEM.NS,734.2,1402.7243999999998,786.6672,869.05048824
3743,3743,PIPR,156.1,343.71000000000004,205.02,171.66204000000002
3749,3749,RNST,37.22,70.11,41.82,40.88766
3752,3752,VCTR,30.05,94.752,55.296,33.70308479999999
3756,3756,MOMO,9.92,16.8668,12.5309,10.04820985
3758,3758,MCY,37.18,570.7109999999999,303.973,51.2537067
3763,3763,RYM.NZ,6.33,21.4484,12.3192,7.255382399999999
3766,3766,CSTM,13.99,64.5216,33.5808,22.75443072
3767,3767,SAFE,32.67,92.99899999999998,49.60699999999999,44.5991451
3768,3768,SNEX,103.96,266.91,149.24,123.702166
3777,3777,DKL,47.08,144.87879999999998,83.93439999999998,53.22313744
3789,3789,DOOR,90.11,300.545,157.89,135.16215000000005
3790,3790,CCS,63.85,222.277,134.101,69.5737364
3794,3794,3532.TW,154.0,374.3396,196.4373,233.0002161
3814,3814,WGO,64.59,178.255,101.86,74.22353
3833,3833,SON.LS,0.9375,3.5665000000000004,1.8795,1.3755325500000002
3850,3850,PTVE,10.86,331.0656,169.0803,24.39584532
3859,3859,NMIH,22.95,81.32520000000001,46.2176,26.59121536
3866,3866,EQB.TO,67.41,613.8299999999999,342.5275,80.59231775
3872,3872,FIH-U.TO,13.77,199.305,108.15,17.640192
3885,3885,GYC.DE,10.2,38.4714,24.7632,10.711675919999998
3896,3896,MDRX,17.46,116.375,71.25,18.878400000000003
3902,3902,HTGC,14.24,51.8,33.599999999999994,14.9646
3909,3909,PCRX,39.95,214.785,116.55,51.234048
3922,3922,TNET.BR,15.28,49.413,32.214,15.9932136
3929,3929,TRMK,29.92,67.05,41.72,31.981658
3954,3954,LRN,41.6,76.63000000000001,42.66,49.82688
3955,3955,PFS,23.89,43.855,26.85,25.769556000000005
3956,3956,SBH,16.3,70.349,38.007,21.0864072
3959,3959,ENJSA.IS,28.26,53.452000000000005,29.256,35.2255488
3964,3964,IMKTA,94.05,397.5,227.9,107.65519
3968,3968,WUW.F,17.3,99.68,56.00000000000001,20.405504
3971,3971,DOKA.SW,397.0,943.531,521.568,483.7315014
3972,3972,MEI,48.55,122.43000000000002,69.96000000000001,55.84239
3974,3974,LIF.TO,36.35,88.821,54.173,39.3546752
3977,3977,NWH-UN.TO,9.64,44.555,25.935,10.8178875
3982,3982,COHU,36.05,82.6652,43.3401,54.78082424999999
3986,3986,REDINGTON.NS,181.05,602.457,341.736,210.3588354
3991,3991,USM,21.47,78.86200000000001,46.636,23.7752424
3998,3998,0778.HK,6.82,15.9467,10.0716,7.236032580000001
4002,4002,FBNC,42.02,78.546,48.018,45.410431800000005
4003,4003,IRWD,11.17,101.4156,52.5228,19.272353760000005
4011,4011,FN.TO,38.1,164.42800000000005,93.324,44.2308492
4018,4018,EGO,9.04,20.301,11.993,10.0680565
4029,4029,DHT,10.38,29.785,19.32,10.92063
4042,4042,KEN,30.67,2948.3412,1500.0481,77.43080605999998
4044,4044,0303.HK,50.25,147.94920000000002,90.11985,54.45211596000001
4048,4048,UCTT,35.75,109.61,61.02,42.95808
4063,4063,PEAB-B.ST,57.4,214.721,137.033,60.6747596
4070,4070,CLS,13.39,32.262,17.6985,16.609426649999996
4071,4071,MHO,59.19,334.665,194.805,66.5334
4075,4075,FCF,16.06,27.195000000000004,16.650000000000002,17.358624000000002
4083,4083,CAR.WA,490.0,1000.025,564.72,573.4519829999999
4093,4093,CMP,38.64,109.392,59.426,49.4276658
4096,4096,BGCP,4.29,7.692039999999999,4.41252,4.909739316
4104,4104,Z25.SI,1.09,5.707680000000001,3.61284,1.1565931800000002
4107,4107,PRAA,40.37,262.43,140.17999999999998,54.887968
4109,4109,HOPE,13.14,25.48,15.6,14.174784000000002
4113,4113,AGIO,28.52,1983.445,1054.78,39.522148
4125,4125,TEG.F,8.18,76.4218,45.0034,9.09301354
4126,4126,GSY.TO,127.54,283.64879999999994,165.91439999999997,142.6764852
4129,4129,SJVN.NS,32.35,95.665,57.76,35.217355
4136,4136,NBHC,41.62,91.485,54.57,45.72645
4145,4145,VRTS,213.06,1141.965,611.82,285.976845
4151,4151,PLUS,55.57,99.53,64.56,58.35417
4156,4156,RCII,27.11,259.235,139.875,35.387815499999995
4162,4162,LOMA,6.8,9.2208,7.4154,6.84222426
4165,4165,CHAMBLFERT.NS,298.2,2291.625,1238.625,386.95995
4175,4175,VEI.OL,111.6,566.6429999999999,326.249,127.1254985
4176,4176,VBTX,27.66,46.12499999999999,28.7,29.61225
4177,4177,MODV,106.88,231.186,119.9655,179.58370275
4189,4189,TSLX,18.94,33.125,23.85,19.32645
4190,4190,SASR,33.73,92.14,55.42,36.827542
4193,4193,GEO,12.28,36.19,20.68,14.11786
4194,4194,ATO.PA,12.01,803.4549999999999,415.615,21.069307
4203,4203,VIVO,33.97,68.425,38.64,39.727233
4209,4209,SUM.NZ,9.98,53.328,29.4415,12.1644299
4212,4212,HMN,36.16,107.463,62.44899999999999,40.7632519
4219,4219,AEFES.IS,46.68,244.3428,125.9664,86.26073088
4220,4220,EGBN,46.79,109.725,67.925,50.15202
4224,4224,KEC.NS,476.8,1262.816,690.368,596.9856512
4235,4235,RC,12.98,29.9052,17.180100000000003,14.838620040000002
4240,4240,AGM,138.68,252.235,148.86,153.943569
4246,4246,ROAD,26.59,67.48599999999999,35.998,36.4052694
4248,4248,GLJ.F,28.32,73.31299999999999,41.249,33.3364064
4254,4254,HBH.DE,81.2,136.08599999999998,101.758,82.2162956
4293,4293,TTMI,14.02,80.02499999999999,44.55,16.8696
4304,4304,GLENMARK.NS,400.4,1956.03,1071.24,498.847314
4313,4313,FDP,28.49,58.19500000000001,31.930000000000003,35.327352000000005
4318,4318,UPST,16.31,67.815,36.63,21.222629999999995
4326,4326,BUSE,24.54,45.92,29.120000000000008,25.999680000000005
4331,4331,BEN.PA,15.26,51.089,26.837,22.8078451
4335,4335,ATEA.OL,119.6,265.364,150.612,138.82866479999998
4337,4337,ECPG,57.38,230.46,133.6,64.84075599999998
4339,4339,CEM.MI,7.97,31.725,17.1,10.369305
4340,4340,PGTI,22.26,53.8992,29.0396,29.20787084
4342,4342,PRIM,25.35,61.56,36.72,27.894240000000003
4363,4363,UPONOR.HE,16.46,48.763,27.709,19.072504
4373,4373,COK.F,32.68,71.2,40.0,38.55296
4374,4374,SWTQ.SW,830.0,1554.235,975.915,883.831998
4376,4376,PBB.DE,8.8,52.5992,28.3346,11.55168194
4392,4392,0777.HK,18.08,141.4274,75.40520000000001,24.8106992
4397,4397,NWC.TO,35.65,100.11,57.81,40.456848
4399,4399,KRO,11.17,26.983000000000004,15.004000000000003,13.363108000000002
4405,4405,HTLD,16.06,30.888,17.864,18.1760392
4406,4406,HNI,31.1,53.295,31.790000000000006,34.207910000000005
4408,4408,ODPV3.SA,12.0,20.876,12.308000000000002,13.334222
4413,4413,LBAI,19.63,35.510000000000005,21.44,21.39779
4419,4419,APLLTD.NS,524.65,5148.856,2739.648,726.9547824000001
4426,4426,PDM,10.4,30.690000000000005,20.46,10.793952
4430,4430,MBUU,60.43,130.9,74.8,69.4807
4436,4436,PHM.MC,63.1,778.211,409.703,93.1481866
4438,4438,IAG,2.61,55.09696,28.09023,6.149487975
4449,4449,RBLBANK.NS,169.25,663.0799999999999,358.16,219.96832
4453,4453,TDS,11.51,353.274,181.972,21.5260848
4454,4454,SAFT,84.41,353.43,201.96,97.01882999999998
4456,4456,SSP,14.37,92.34,55.080000000000005,15.788520000000002
4457,4457,DAC,60.84,93.525,64.5,62.648205
4459,4459,SNCY,20.84,233.856,120.448,39.0125952
4467,4467,SRCE,49.67,103.455,61.71,54.664170000000006
4475,4475,PSG.MC,2.124,47.1785,25.242,2.8640655
4488,4488,STC,46.44,146.70499999999998,95.16,48.79329
4489,4489,KFRC,58.97,108.955,62.26,67.82378
4497,4497,MED,107.02,420.98,234.36,128.42927999999998
4499,4499,USNA,61.13,234.46500000000003,133.98,70.38517499999999
4500,4500,NATCOPHARM.NS,524.85,1491.6,818.4,650.7916799999999
4502,4502,BRKL,13.45,23.78,15.08,14.226472
4504,4504,FRG,31.07,192.5,110.0,35.7075
4526,4526,KTY.WA,500.0,1898.398,1062.444,593.9111376
4527,4527,HLX,8.23,41.98,21.540000000000003,16.51761
4530,4530,SPNT,7.2,77.38499999999999,44.22,8.298284999999998
4533,4533,2356.HK,6.49,38.5734,23.6592,6.99839136
4536,4536,DPM.TO,8.14,391.035,199.12,19.930995000000003
4538,4538,EIG,43.12,170.43,101.66,47.42738000000001
4544,4544,DFH,12.34,98.423,52.31899999999999,17.236285499999997
4545,4545,LB.TO,35.35,69.165,41.87,38.433056
4547,4547,GABC,38.96,69.16499999999999,41.76,42.445908
4556,4556,IRBT,41.46,463.8,248.4,55.72224
4560,4560,TL5.MC,3.296,13.395,8.264999999999999,3.541695
4566,4566,CE2.F,11.98,70.65799999999999,38.024,15.7450916
4570,4570,BDN,6.63,32.93,21.36,6.952680000000001
4572,4572,HOLI,18.1,44.9792,25.5696,21.042141120000004
4577,4577,PRG,22.24,183.82,101.92,26.86684
4584,4584,LPRO,8.79,117.705,61.74,13.325004
4587,4587,TMP,76.28,156.55499999999998,95.85,82.331316
4596,4596,SHYF,30.75,59.675,34.1,35.240025
4600,4600,JELD,12.89,77.16499999999999,41.74499999999999,16.683578999999998
4609,4609,COWN,38.91,340.005,202.81,42.78098
4613,4613,MGL.NS,901.35,6796.484,3557.852,1390.8003316
4618,4618,GTN,11.53,294.634,157.162,15.7812844
4622,4622,CWH,25.01,240.711,128.853,33.6724407
4626,4626,PNL.AS,1.875,7.3530000000000015,4.859,1.9554164
4634,4634,CAF.MC,28.5,106.113,57.539,36.4720976
4635,4635,FINCABLES.NS,564.4,1670.559,899.712,741.6593118000001
4636,4636,BSIG,26.18,196.874,107.952,32.5736856
4638,4638,GIC,27.76,89.0,50.0,32.7332
4653,4653,CUBI,31.96,135.375,80.75,35.112
4660,4660,PFBC,72.14,142.215,84.83,79.37094000000002
4686,4686,AMSF,53.68,139.65,83.30000000000001,59.07440000000001
4697,4697,KREF,15.04,91.372,51.516000000000005,17.680863600000002
4714,4714,FTK.DE,8.08,109.8576,60.86879999999999,9.78940512
4725,4725,WOW,11.33,31.076000000000004,16.0055,21.20503075000001
4738,4738,KALPATPOWR.NS,494.7,1940.661,1065.1229999999998,612.8645355
4743,4743,OPK,1.25,6.1425,3.591,1.3992048000000004
4761,4761,CNOB,23.91,70.39500000000001,41.99,26.300560000000004
4770,4770,OSTK,20.76,161.602,86.136,28.548147600000004
4771,4771,AMWD,57.03,99.225,60.75,61.58592
4778,4778,PRDO,14.07,60.445,34.54,16.195335
4791,4791,PPGN.SW,24.94,51.5514,29.928200000000004,28.09206718
4792,4792,QNST,17.16,33.345,18.24,21.453375
4793,4793,IRS,6.15,99.015,57.400000000000006,6.940233999999999
4794,4794,KNRCON.NS,262.65,480.573,278.154,297.25629480000003
4795,4795,SHEN,18.71,188.517,103.306,23.2878044
4815,4815,CEPU,6.17,33.173,17.934,7.9951536
4819,4819,HCSG,12.51,36.57,22.08,13.643094
4824,4824,LPG,22.51,58.905,33.660000000000004,25.89984
4827,4827,SF.ST,18.0,66.038,37.914,20.5895448
4828,4828,RWT,7.88,256.9644,138.87719999999996,10.20067776
4829,4829,SAVE.PA,61.8,151.65599999999998,91.448,67.4220544
4831,4831,RBCAA,45.6,104.025,62.04999999999999,50.107200000000006
4837,4837,0440.HK,21.8,52.8,40.92,21.969948
4840,4840,QCRH,52.5,120.26999999999998,71.74,57.70006
4842,4842,FFWM,15.61,47.025,29.26,16.705161
4844,4844,LVC.WA,145.0,271.26,146.52,188.6742
4845,4845,BBAR,4.37,42.54768,22.89084,5.763810611999999
4850,4850,PFC,25.04,93.28,56.32,27.279648
4854,4854,IMOS,23.69,65.55,39.1,26.059
4861,4861,INVA,12.26,107.0986,59.7918,14.6286972
4864,4864,NX,26.26,54.285,31.02,30.176114999999992
4879,4879,CDRE,23.28,132.088,68.464,39.8004992
4888,4888,MYE,23.51,49.47,27.54,28.2132
4890,4890,PEBO,30.27,63.21,38.7,32.68447200000001
4904,4904,SCHN,31.54,58.14,34.68,34.692240000000005
4924,4924,NMM,27.49,508.43459999999993,272.9448,36.61350192
4927,4927,CAPL,22.07,35.875,25.83,22.511706
4930,4930,PRLB,34.43,110.565,60.48,43.04474999999999
4941,4941,UVSP,28.11,44.220000000000006,29.48,29.20985600000001
4945,4945,PON1V.HE,26.75,221.805,115.275,44.392561500000006
4947,4947,STKL,7.49,68.145,36.135,10.5885
4969,4969,DIC.DE,8.83,47.256,26.048,10.7995888
4976,4976,BXC,87.54,500.17500000000007,273.6,109.44
4980,4980,COCO,15.5,51.91199999999999,27.936,20.5165152
4986,4986,TOKMAN.HE,12.98,33.517,20.086,14.2296968
5000,5000,CTBI,43.51,79.735,51.72,45.662295
5012,5012,NBCC.NS,34.9,91.839,49.247,46.7050199
5032,5032,CEATLTD.NS,1514.55,3002.6248,1726.4274,1727.790369
5036,5036,WASH,43.98,83.065,53.88,46.10781
5038,5038,YALA,4.79,49.77,26.04,7.4214
5039,5039,PFI.NZ,2.35,3.632,2.4402500000000003,2.4375543750000004
5040,5040,0435.HK,3.5,14.065,9.7,3.606751
5043,5043,OSBC,17.04,29.475000000000005,18.34,18.208083
5048,5048,ACMR,12.45,83.6422,44.2686,17.77270014
5049,5049,ENFN,11.16,14553.054,7509.342,19.9975386
5051,5051,ETD,29.55,75.051,45.198,32.294808
5053,5053,BLX,16.65,40.70400000000001,24.752,18.0667632
5060,5060,SNBR,31.85,132.15800000000002,82.52400000000002,33.976924800000006
5074,5074,CWC.F,92.4,147.57600000000002,93.4505,97.9853446
5088,5088,FOR,14.43,28.525,19.075,14.98238
5089,5089,HAFC,23.64,45.080000000000005,27.6,25.495776000000003
5096,5096,GSBC,58.33,92.865,58.89000000000001,61.847184000000006
5122,5122,VHI,24.94,115.43,63.05,31.358936
5129,5129,RMAX,22.59,151.5,77.39999999999999,50.14979999999999
5138,5138,NFBK,14.57,25.235,15.45,15.662592
5144,5144,IBULHSGFIN.NS,117.75,1330.0848,733.4624,144.13740352000002
5145,5145,KOP,33.44,254.095,142.75,39.483508
5166,5166,JOUT,65.44,247.47000000000003,142.38,74.58678000000002
5167,5167,HZO,30.75,372.64,201.28,39.95680000000001
5175,5175,BBSI,95.48,169.015,96.58,109.80487499999998
5178,5178,NESR,7.32,61.208000000000006,32.144000000000005,11.0080768
5185,5185,DRD,7.56,28.5,17.0,8.294
5194,5194,OPRA,7.61,296.52,152.88,14.003136
5196,5196,FLWS,9.86,83.905,46.71,11.8332
5197,5197,FMBH,31.63,61.745000000000005,37.28,34.514523000000004
5200,5200,DGL.NZ,9.99,23.725,13.87,11.233824000000002
5206,5206,2501.TW,16.6,87.68,47.36,21.58208
5216,5216,BVH,32.21,76.38000000000001,45.56,35.405480000000004
5222,5222,CPF,23.32,40.915,25.05,25.178256
5228,5228,EBIX,18.86,86.07000000000001,51.34,20.762500000000003
5239,5239,CLW,36.72,85.28500000000001,55.32000000000001,38.578785
5241,5241,CARA,10.88,41.382,21.186,23.313112200000003
5251,5251,YIT.HE,2.93,6.795,4.228,3.1344579999999995
5252,5252,LX,3.05,6.385259999999999,4.52088,3.119656428
5261,5261,LBC,11.78,21.6,13.44,12.562656000000002
5263,5263,SUNTECK.NS,330.0,2913.456,1466.8480000000002,1622.7519360000003
5281,5281,RBBN,3.52,16.2825,9.519,3.9446736000000007
5287,5287,FFIC,19.74,36.051,23.058,20.8128096
5296,5296,IGTI3.SA,2.38,3.819,2.4320000000000004,2.5187806
5300,5300,ACES.JK,505.0,1897.461,1083.563,581.2653590000001
5304,5304,CRMT,88.09,406.627,231.061,102.0913263
5307,5307,IIIN,29.31,65.895,38.2,33.108321999999994
5309,5309,HVT,35.0,141.923,82.209,39.6430203
5317,5317,CMBM,21.25,63.99,36.45,24.473988
5324,5324,AUDC,17.64,34.865,20.045,20.1723095
5336,5336,KTKBANK.NS,144.6,832.0580000000001,458.324,177.534416
5340,5340,NTGR,19.34,322.3584,168.6867,29.918430359999995
5353,5353,MBWM,34.76,71.78500000000001,43.95,37.52978400000001
5366,5366,FDC.NS,264.7,798.9799999999999,449.54,311.46715599999993
5382,5382,GMDCLTD.NS,135.95,276.705,154.43999999999997,162.398925
5408,5408,HY,31.27,85.085,48.62,35.962225
5415,5415,HMST,27.63,102.15,63.56,29.584002
5421,5421,AROW,31.05,66.008,41.144,33.1928776
5438,5438,OPY,45.8,449.295,256.74,52.60836
5443,5443,SML.NZ,3.48,24.48308,13.04729,4.787199252
5446,5446,DGICA,15.11,57.0,34.0,16.632
5450,5450,SI,15.0,129.36999999999998,69.36,20.01648
5453,5453,ATLC,32.9,191.575,106.65,39.436800000000005
5460,5460,ZUMZ,25.08,115.5,66.0,28.841999999999995
5461,5461,AR4.DE,15.74,58.82400000000001,38.872,16.396794399999997
5483,5483,SWBI,10.49,209.055,119.46,12.051885
5484,5484,HEIDELBERG.NS,175.65,1967.055,1012.815,330.3383984999999
5486,5486,BMRC,30.37,66.97500000000001,39.95,33.42405
5494,5494,BKD,2.75,12.54,7.48,3.0250000000000004
5519,5519,RSVR,7.21,57.23,31.86,8.623439999999999
5522,5522,BZH,15.04,41.415,27.61,15.610192
5542,5542,MX,10.08,471.25,256.36,12.831572
5544,5544,SURYAROSNI.NS,642.35,1536.39,833.7,822.3045119999999
5545,5545,AO.L,61.95,420.0,223.2,86.44536
5547,5547,CSV,31.62,70.07000000000001,40.04,36.33448
5551,5551,LOCO,12.04,26.180000000000003,14.96,13.84922
5555,5555,LXFR,16.78,34.845,20.2,19.002645
5569,5569,TPC,8.46,60.42,36.04,9.30468
5592,5592,BZUN,6.9,18.5194,12.0922,7.206530960000001
5602,5602,MEKKO.HE,9.37,28.05,18.7,9.75936
5604,5604,LOVE,27.86,65.75999999999999,35.52,36.21696
5611,5611,HCI,49.33,204.165,111.68,61.68575000000001
5614,5614,GHG,3.86,7.69888,4.927440000000001,4.07626884
5628,5628,BWB,15.0,40.425,23.1,17.26725
5631,5631,VNDA,7.27,33.894,18.102,9.8947422
5635,5635,NOA,15.28,38.125,22.5,16.941375000000004
5645,5645,CO,2.9876,41.5795,22.459,3.882372
5656,5656,TPB,22.71,40.596,25.908,24.0640848
5668,5668,FF,8.97,30.21,18.02,9.864360000000003
5693,5693,FISI,24.79,86.24,52.8,26.80128
5708,5708,UIS,5.44,316.145,190.88,5.981702
5713,5713,SCPL,16.17,33.367999999999995,19.049,18.617452
5715,5715,MCBC,10.72,22.540000000000003,13.8,11.575440000000002
5719,5719,AVON.L,950.0,21403.05,11915.1,1138.554
5737,5737,PNNT,5.76,41.31,22.14,7.7787000000000015
5740,5740,NVEC,75.94,144.495,79.04,95.064125
5743,5743,PNTG,12.17,26.245,13.919999999999998,17.100198
5746,5746,MHLD,2.42,30.225,17.67,2.7081600000000003
5750,5750,SPWH,9.38,102.8764,57.1032,11.3150856
5768,5768,SHBI,17.48,38.760000000000005,23.12,19.208640000000003
5785,5785,PTC.NS,93.6,861.3620000000001,470.22600000000006,117.67254660000002
5786,5786,ALFOC.PA,49.6,113.505,63.215,59.50876800000001
5787,5787,CIVB,21.86,53.900000000000006,33.0,23.61744
5804,5804,SFST,41.57,80.85,49.5,44.97768
5810,5810,RM,32.84,298.32,163.68,40.723584
5812,5812,SMMF,25.87,70.07,42.9,27.922752
5838,5838,5478.TWO,78.6,297.22,169.84,90.37803999999998
5861,5861,BSRR,20.82,61.98499999999999,37.95,22.487652000000004
5893,5893,WHF,13.2,29.07520000000001,18.772600000000004,13.866566560000004
5895,5895,ITIC,156.56,343.2,228.8,162.88896000000005
5909,5909,FBIZ,35.85,66.395,40.65,38.663028
5912,5912,GPP,13.06,66.99,38.28,15.0075
5915,5915,CVCY,25.47,41.65,25.5,27.540000000000003
5918,5918,BCBP,17.41,40.185,23.97,19.0773
5936,5936,M8G.DE,1.634,6.136099999999999,3.1863,2.730414
5943,5943,JPASSOCIAT.NS,9.45,108.108,76.5765,9.63983475
5949,5949,TSBK,35.23,111.435,64.6,39.78391
5956,5956,HMPT,1.99,29.425000000000004,21.186,2.040918
5969,5969,LSEA,6.88,56.021,29.468000000000004,10.2070368
5976,5976,RLGT,5.58,13.271,7.268000000000001,6.834933
5979,5979,LE,8.56,16.005,8.91,10.272240000000002
5986,5986,ASHOKA.NS,78.3,370.328,211.344,90.1490688
6004,6004,MPAA,13.45,38.025,20.8,16.810625
6013,6013,BCML,20.18,37.620000000000005,22.44,22.2156
6014,6014,TCBX,19.18,88.27839999999999,49.5292,22.69412068
6015,6015,GULFOILLUB.NS,436.55,3163.0960000000005,1677.7705,615.4936944
6016,6016,TRUE,2.94,82.44,43.2,4.494528
6040,6040,KBAL,7.14,26.775,15.12,8.410311
6044,6044,III,5.5,10.01,5.720000000000001,6.323849999999999
6062,6062,WABAG.NS,332.85,1428.619,760.1520000000002,461.39926140000006
6069,6069,PKBK,20.5,155.805,84.91499999999999,25.8618195
6098,6098,FDEV.L,466.0,1336.832,791.616,515.6336640000001
6100,6100,APEI,12.31,48.125,27.5,14.159375
6114,6114,UBS.VI,30.5,111.945,68.045,33.151523999999995
6119,6119,CARERATING.NS,626.65,2449.307,1298.106,887.2891056
6123,6123,TIMETECHNO.NS,86.8,222.61,122.14,107.678624
6139,6139,TCFC,40.27,95.19,56.78,44.30844
6146,6146,JYNT,15.13,43.65,24.3,18.1548
6147,6147,ALERS.PA,18.3,120.83499999999998,80.08,19.072768
6186,6186,TCS,4.24,28.6212,16.3236,4.88673684
6187,6187,WNEB,9.72,17.099999999999998,10.2,10.659
6188,6188,DLTH,6.37,24.57,13.44,8.001000000000001
6193,6193,INFU,9.97,38.8,21.6,11.9616
6201,6201,GHL,11.85,414.219,211.757,25.82489
6218,6218,RCKY,28.33,81.50999999999999,48.62,31.17686
6238,6238,SANGHIIND.NS,62.25,396.473,205.689,105.1380543
6246,6246,KMDA,4.3,7.79,4.94,4.559696000000001
6270,6270,SAMG,19.55,33.915,19.845,21.9128175
6271,6271,ITI,4.38,17.741500000000002,9.583,5.6935970000000005
6275,6275,ACTG,4.26,74.69,41.58,5.11896
6288,6288,REPCOHOME.NS,237.9,4730.067,2492.936,349.10033919999995
6290,6290,AMER3.SA,1.1,4.4772,2.52735,1.28823828
6295,6295,OXSQ,3.59,38.295,24.84,3.760155
6298,6298,OPBK,11.56,27.645,16.49,12.71864
6302,6302,CURO,4.23,109.95964,59.30832,5.533069607999999
6310,6310,TUP,3.81,69.55,40.66,4.266304000000001
6319,6319,CASH3.SA,0.97,7.0551,4.0803,1.09995039
6322,6322,ORP.PA,3.657,161.9352,88.8216,4.53669888
6324,6324,ESCA,12.57,79.695,45.54,14.449635
6327,6327,VRA,5.44,11.206,6.3180000000000005,6.380181600000001
6329,6329,LL,5.8,143.85,77.7,7.534800000000001
6364,6364,KCP.NS,101.8,157.28900000000002,102.542,106.6443752
6375,6375,RVSB,7.26,15.274999999999997,8.93,8.13288
6397,6397,SACH,3.72,40.0895,21.164,5.393971
6430,6430,HEAR,8.68,95.985,54.510000000000005,10.062072
6448,6448,PRAKASH.NS,61.75,986.67,502.74,148.07232
6455,6455,FSTR,12.22,21.945,13.09,13.50965
6460,6460,LAZY,12.96,91.26,49.92,16.224000000000004
6467,6467,OIIM,4.57,15.7635,8.814,5.4379668
6483,6483,PARAGMILK.NS,86.5,242.905,134.67999999999998,104.645398
6519,6519,MESA,3.27,9.1035,6.936,3.3012759
6551,6551,WINE.L,124.8,454.79,251.87,151.35571400000003
6568,6568,LAKE,15.24,209.035,116.37,18.30888
6634,6634,MANGLMCEM.NS,272.65,1653.3,917.4,329.27664
6665,6665,SNDA,12.92,1449.7620000000002,861.8860000000001,14.2873796
6666,6666,HYFM,1.75,56.706,29.4255,2.94972795
6689,6689,USX,1.51,145.058,74.124,3.329664
6690,6690,ACR,9.29,58.830000000000005,38.16,9.74988
6760,6760,ASIANTILES.NS,40.4,988.875,534.725,52.36203
6789,6789,OESX,1.825,6.5520000000000005,3.584,2.2806
6794,6794,NLS,1.74,52.9815,31.603,1.922206
6814,6814,VTSI,4.74,14.915,7.979999999999999,6.399675
6838,6838,HMVL.NS,52.2,718.704,387.072,68.6097216
6957,6957,NCTY,1.09,2012.3745,1037.0175,2.0796405
7251,7251,SNGS.ME,26.0,442.886,274.628,27.78152320000001
7253,7253,NLMK.ME,138.0,48619.7118,24903.9384,287.96626176
7255,7255,MTSS.ME,275.05,1694.196,1038.828,297.150126
7257,7257,NVTK.ME,993.0,61419.24600000001,32208.318000000003,1508.6245356
7259,7259,SBER.ME,133.3,1496.861,866.3779999999999,150.9951028
7261,7261,PLZL.ME,8376.0,46241.862,25571.126,10192.633004
7263,7263,ROSN.ME,351.2,16716.109600000003,8399.002300000002,2307.99188557
7265,7265,RSTI.ME,0.6039,2.289,1.744,0.6098986000000001
7267,7267,CHMF.ME,821.4,23043.23,11938.79,1409.1367490000002
